"DESCRIPTION","DURATION IN MS","NAME","PARENT SUITE","START TIME","STATUS","STOP TIME","SUB SUITE","SUITE","TEST CLASS","TEST METHOD"
"","2934","Perform flight search","chromium","2026-03-29","passed","2026-03-29","Flight Page Tests","flight.spec.js","",""
"","1386","Register page loads correctly","firefox","2026-03-29","passed","2026-03-29","Register Page Tests","register.spec.js","",""
"","2927","Register page loads correctly","webkit","2026-03-29","passed","2026-03-29","Register Page Tests","register.spec.js","",""
"","768","Full Name input accepts text","chromium","2026-03-29","passed","2026-03-29","Register Page Tests","register.spec.js","",""
"","3199","Check Destinations button hover effect","firefox","2026-03-29","passed","2026-03-29","Home Page Tests","home.spec.js","",""
"","2539","Navigate to Cars page","chromium","2026-03-29","passed","2026-03-29","Home Page Tests","home.spec.js","",""
"","6347","Check Destinations button hover effect","webkit","2026-03-29","passed","2026-03-29","Home Page Tests","home.spec.js","",""
"","3365","Register with password mismatch shows error","webkit","2026-03-29","passed","2026-03-29","Register Page Tests","register.spec.js","",""
"","7808","Switch search between Flights, Hotels, Cars","webkit","2026-03-29","passed","2026-03-29","Flight Page Tests","flight.spec.js","",""
"","3312","Register with invalid email shows error","webkit","2026-03-29","passed","2026-03-29","Register Page Tests","register.spec.js","",""
"","1404","Forgot password link navigates correctly","firefox","2026-03-29","passed","2026-03-29","Login Page Tests","login.spec.js","",""
"","2759","Login with empty password shows error","webkit","2026-03-29","passed","2026-03-29","Login Page Tests","login.spec.js","",""
"","898","Password input accepts text","chromium","2026-03-29","passed","2026-03-29","Login Page Tests","login.spec.js","",""
"","1081","Full Name input accepts text","firefox","2026-03-29","passed","2026-03-29","Register Page Tests","register.spec.js","",""
"","3316","Search flight and click on first result details","firefox","2026-03-29","passed","2026-03-29","Flight Page Tests","flight.spec.js","",""
"","6476","Flight search with same from/to city","webkit","2026-03-29","passed","2026-03-29","Flight Page Tests","flight.spec.js","",""
"","2476","get started link","firefox","2026-03-29","passed","2026-03-29","","example.spec.js","",""
"","511","has title","chromium","2026-03-29","passed","2026-03-29","","example.spec.js","",""
"","3234","Perform flight search","firefox","2026-03-29","passed","2026-03-29","Flight Page Tests","flight.spec.js","",""
"","2907","Navigate to create account page","webkit","2026-03-29","passed","2026-03-29","Login Page Tests","login.spec.js","",""
"","1181","Password input accepts text","firefox","2026-03-29","passed","2026-03-29","Login Page Tests","login.spec.js","",""
"","2718","Switch tabs Flights → Hotels → Cars → Flights","chromium","2026-03-29","passed","2026-03-29","Home Page Tests","home.spec.js","",""
"","5825","Switch from Flights to Hotels tab","webkit","2026-03-29","passed","2026-03-29","Home Page Tests","home.spec.js","",""
"","1444","Clicking logo navigates home","chromium","2026-03-29","passed","2026-03-29","Login Page Tests","login.spec.js","",""
"","903","Register page loads correctly","chromium","2026-03-29","passed","2026-03-29","Register Page Tests","register.spec.js","",""
"","984","Sign In button is enabled when inputs filled","chromium","2026-03-29","passed","2026-03-29","Login Page Tests","login.spec.js","",""
"","6155","Open My Bookings then return home","webkit","2026-03-29","passed","2026-03-29","Home Page Tests","home.spec.js","",""
"","3170","Switch from Flights to Hotels tab","firefox","2026-03-29","passed","2026-03-29","Home Page Tests","home.spec.js","",""
"","4307","Flight search with past date","firefox","2026-03-29","passed","2026-03-29","Flight Page Tests","flight.spec.js","",""
"","952","Register with existing account redirects to login","chromium","2026-03-29","passed","2026-03-29","Register Page Tests","register.spec.js","",""
"","2913","Check Destinations button hover effect","chromium","2026-03-29","passed","2026-03-29","Home Page Tests","home.spec.js","",""
"","2472","Error disappears after filling valid inputs","webkit","2026-03-29","passed","2026-03-29","Login Page Tests","login.spec.js","",""
"","1352","Email input accepts valid email","firefox","2026-03-29","passed","2026-03-29","Register Page Tests","register.spec.js","",""
"","3400","Open My Bookings then return home","firefox","2026-03-29","passed","2026-03-29","Home Page Tests","home.spec.js","",""
"","3189","Click Wanderlust logo redirects home","firefox","2026-03-29","passed","2026-03-29","Home Page Tests","home.spec.js","",""
"","806","Navigate to create account page","chromium","2026-03-29","passed","2026-03-29","Login Page Tests","login.spec.js","",""
"","748","Confirm password input type is password","chromium","2026-03-29","passed","2026-03-29","Register Page Tests","register.spec.js","",""
"","1480","Login with empty password shows error","firefox","2026-03-29","passed","2026-03-29","Login Page Tests","login.spec.js","",""
"","6978","Navigate to Hotels page","webkit","2026-03-29","passed","2026-03-29","Flight Page Tests","flight.spec.js","",""
"","2296","Password input accepts text","webkit","2026-03-29","passed","2026-03-29","Login Page Tests","login.spec.js","",""
"","2866","Password input type is password","webkit","2026-03-29","passed","2026-03-29","Register Page Tests","register.spec.js","",""
"","3384","Register with valid data succeeds","firefox","2026-03-29","passed","2026-03-29","Register Page Tests","register.spec.js","",""
"","4103","Clicking logo navigates home","webkit","2026-03-29","passed","2026-03-29","Login Page Tests","login.spec.js","",""
"","3322","Flight search with invalid city names","firefox","2026-03-29","passed","2026-03-29","Flight Page Tests","flight.spec.js","",""
"","3416","Switch search between Flights, Hotels, Cars","firefox","2026-03-29","passed","2026-03-29","Flight Page Tests","flight.spec.js","",""
"","1343","Navigate to create account page","firefox","2026-03-29","passed","2026-03-29","Login Page Tests","login.spec.js","",""
"","1298","Login with invalid credentials shows error","firefox","2026-03-29","passed","2026-03-29","Login Page Tests","login.spec.js","",""
"","3135","Navigate to Flights page","firefox","2026-03-29","passed","2026-03-29","Home Page Tests","home.spec.js","",""
"","2676","Switch from Hotels to Cars tab","chromium","2026-03-29","passed","2026-03-29","Home Page Tests","home.spec.js","",""
"","1976","Login page loads correctly","webkit","2026-03-29","passed","2026-03-29","Login Page Tests","login.spec.js","",""
"","2830","Flight search with past date","chromium","2026-03-29","passed","2026-03-29","Flight Page Tests","flight.spec.js","",""
"","870","Forgot password link navigates correctly","chromium","2026-03-29","passed","2026-03-29","Login Page Tests","login.spec.js","",""
"","814","Email input accepts valid email","chromium","2026-03-29","passed","2026-03-29","Login Page Tests","login.spec.js","",""
"","3735","Click Sign In then back to Register","webkit","2026-03-29","passed","2026-03-29","Register Page Tests","register.spec.js","",""
"","2787","Navigate to Cars page","chromium","2026-03-29","passed","2026-03-29","Flight Page Tests","flight.spec.js","",""
"","5616","Navigate to Hotels page","webkit","2026-03-29","passed","2026-03-29","Home Page Tests","home.spec.js","",""
"","7824","Flight search from City to City","webkit","2026-03-29","passed","2026-03-29","Flight Page Tests","flight.spec.js","",""
"","5655","Switch from Hotels to Cars tab","webkit","2026-03-29","passed","2026-03-29","Home Page Tests","home.spec.js","",""
"","2838","Register with valid data succeeds","chromium","2026-03-29","passed","2026-03-29","Register Page Tests","register.spec.js","",""
"","1430","Error disappears after filling valid inputs","firefox","2026-03-29","passed","2026-03-29","Login Page Tests","login.spec.js","",""
"","2943","Flight search with same from/to city","chromium","2026-03-29","passed","2026-03-29","Flight Page Tests","flight.spec.js","",""
"","3281","Flight search with future date","firefox","2026-03-29","passed","2026-03-29","Flight Page Tests","flight.spec.js","",""
"","1741","Password input type is password","firefox","2026-03-29","passed","2026-03-29","Register Page Tests","register.spec.js","",""
"","4972","Register with valid data succeeds","webkit","2026-03-29","passed","2026-03-29","Register Page Tests","register.spec.js","",""
"","2804","Login with invalid credentials shows error","webkit","2026-03-29","passed","2026-03-29","Login Page Tests","login.spec.js","",""
"","2647","Forgot password link navigates correctly","webkit","2026-03-29","passed","2026-03-29","Login Page Tests","login.spec.js","",""
"","2740","Navigate to Hotels page","chromium","2026-03-29","passed","2026-03-29","Flight Page Tests","flight.spec.js","",""
"","3251","Switch from Hotels to Cars tab","firefox","2026-03-29","passed","2026-03-29","Home Page Tests","home.spec.js","",""
"","2217","Email input accepts valid email","webkit","2026-03-29","passed","2026-03-29","Login Page Tests","login.spec.js","",""
"","8347","Flight search with future date","webkit","2026-03-29","passed","2026-03-29","Flight Page Tests","flight.spec.js","",""
"","1537","Register with existing account redirects to login","firefox","2026-03-29","passed","2026-03-29","Register Page Tests","register.spec.js","",""
"","1169","Sign In button is enabled when inputs filled","firefox","2026-03-29","passed","2026-03-29","Login Page Tests","login.spec.js","",""
"","3245","Navigate to Hotels page","firefox","2026-03-29","passed","2026-03-29","Home Page Tests","home.spec.js","",""
"","3973","has title","webkit","2026-03-29","passed","2026-03-29","","example.spec.js","",""
"","6452","Click logo navigates home","webkit","2026-03-29","passed","2026-03-29","Home Page Tests","home.spec.js","",""
"","2850","Switch search between Flights, Hotels, Cars","chromium","2026-03-29","passed","2026-03-29","Flight Page Tests","flight.spec.js","",""
"","1022","Sign in button navigates back to login","firefox","2026-03-29","passed","2026-03-29","Register Page Tests","register.spec.js","",""
"","1171","Email input accepts valid email","firefox","2026-03-29","passed","2026-03-29","Login Page Tests","login.spec.js","",""
"","899","Sign in button navigates back to login","chromium","2026-03-29","passed","2026-03-29","Register Page Tests","register.spec.js","",""
"","1043","Register with password mismatch shows error","chromium","2026-03-29","passed","2026-03-29","Register Page Tests","register.spec.js","",""
"","1413","Password show/hide button works","firefox","2026-03-29","passed","2026-03-29","Login Page Tests","login.spec.js","",""
"","2521","Full Name input accepts text","webkit","2026-03-29","passed","2026-03-29","Register Page Tests","register.spec.js","",""
"","1360","Login page loads correctly","firefox","2026-03-29","passed","2026-03-29","Login Page Tests","login.spec.js","",""
"","1372","Register with empty fields shows error","firefox","2026-03-29","passed","2026-03-29","Register Page Tests","register.spec.js","",""
"","1735","Clicking logo navigates home","firefox","2026-03-29","passed","2026-03-29","Login Page Tests","login.spec.js","",""
"","2652","Navigate to My Bookings page","chromium","2026-03-29","passed","2026-03-29","Home Page Tests","home.spec.js","",""
"","3557","Flight search with maximum passengers","firefox","2026-03-29","passed","2026-03-29","Flight Page Tests","flight.spec.js","",""
"","2289","Sign In button is disabled when inputs empty","webkit","2026-03-29","passed","2026-03-29","Login Page Tests","login.spec.js","",""
"","5750","Navigate to Destinations page","webkit","2026-03-29","passed","2026-03-29","Home Page Tests","home.spec.js","",""
"","2692","Navigate to Flights page","chromium","2026-03-29","passed","2026-03-29","Home Page Tests","home.spec.js","",""
"","6517","Navigate back to Flights after clicking logo","webkit","2026-03-29","passed","2026-03-29","Home Page Tests","home.spec.js","",""
"","2729","Navigate to Destinations page","chromium","2026-03-29","passed","2026-03-29","Home Page Tests","home.spec.js","",""
"","2839","Click Wanderlust logo redirects home","chromium","2026-03-29","passed","2026-03-29","Home Page Tests","home.spec.js","",""
"","3081","Navigate to Destinations page","firefox","2026-03-29","passed","2026-03-29","Home Page Tests","home.spec.js","",""
"","2961","Click logo navigates home","chromium","2026-03-29","passed","2026-03-29","Home Page Tests","home.spec.js","",""
"","867","Sign In button is disabled when inputs empty","chromium","2026-03-29","passed","2026-03-29","Login Page Tests","login.spec.js","",""
"","2760","Flight search with empty fields shows no results","chromium","2026-03-29","passed","2026-03-29","Flight Page Tests","flight.spec.js","",""
"","3012","Flight search with maximum passengers","chromium","2026-03-29","passed","2026-03-29","Flight Page Tests","flight.spec.js","",""
"","3124","Flight search with empty fields shows no results","firefox","2026-03-29","passed","2026-03-29","Flight Page Tests","flight.spec.js","",""
"","6275","get started link","webkit","2026-03-29","passed","2026-03-29","","example.spec.js","",""
"","2590","Navigate to Hotels page","chromium","2026-03-29","passed","2026-03-29","Home Page Tests","home.spec.js","",""
"","5462","Navigate to Cars page","webkit","2026-03-29","passed","2026-03-29","Home Page Tests","home.spec.js","",""
"","1609","Click Sign In then back to Register","firefox","2026-03-29","passed","2026-03-29","Register Page Tests","register.spec.js","",""
"","5601","Navigate to My Bookings page","webkit","2026-03-29","passed","2026-03-29","Home Page Tests","home.spec.js","",""
"","891","Register with empty fields shows error","chromium","2026-03-29","passed","2026-03-29","Register Page Tests","register.spec.js","",""
"","750","Password input type is password","chromium","2026-03-29","passed","2026-03-29","Register Page Tests","register.spec.js","",""
"","2723","Confirm password input type is password","webkit","2026-03-29","passed","2026-03-29","Register Page Tests","register.spec.js","",""
"","3473","Flight page loads correctly","firefox","2026-03-29","passed","2026-03-29","Flight Page Tests","flight.spec.js","",""
"","6718","Flight search with invalid city names","webkit","2026-03-29","failed","2026-03-29","Flight Page Tests","flight.spec.js","",""
"","1273","Password and confirm password inputs accept text","firefox","2026-03-29","passed","2026-03-29","Register Page Tests","register.spec.js","",""
"","3200","Navigate back to Flights after clicking logo","firefox","2026-03-29","passed","2026-03-29","Home Page Tests","home.spec.js","",""
"","3339","Flight search from City to City","firefox","2026-03-29","passed","2026-03-29","Flight Page Tests","flight.spec.js","",""
"","3016","Navigate to Cars page","firefox","2026-03-29","passed","2026-03-29","Home Page Tests","home.spec.js","",""
"","3054","Book first flight","chromium","2026-03-29","passed","2026-03-29","Flight Page Tests","flight.spec.js","",""
"","3000","Flight search from City to City","chromium","2026-03-29","passed","2026-03-29","Flight Page Tests","flight.spec.js","",""
"","827","Login with invalid credentials shows error","chromium","2026-03-29","passed","2026-03-29","Login Page Tests","login.spec.js","",""
"","3246","Book first flight","firefox","2026-03-29","passed","2026-03-29","Flight Page Tests","flight.spec.js","",""
"","2662","Email input accepts valid email","webkit","2026-03-29","passed","2026-03-29","Register Page Tests","register.spec.js","",""
"","3058","Sign in button navigates back to login","webkit","2026-03-29","passed","2026-03-29","Register Page Tests","register.spec.js","",""
"","1497","Confirm password input type is password","firefox","2026-03-29","passed","2026-03-29","Register Page Tests","register.spec.js","",""
"","662","Login page loads correctly","chromium","2026-03-29","passed","2026-03-29","Login Page Tests","login.spec.js","",""
"","2948","Register with existing account redirects to login","webkit","2026-03-29","passed","2026-03-29","Register Page Tests","register.spec.js","",""
"","7241","Flight search with maximum passengers","webkit","2026-03-29","passed","2026-03-29","Flight Page Tests","flight.spec.js","",""
"","833","Password and confirm password inputs accept text","chromium","2026-03-29","passed","2026-03-29","Register Page Tests","register.spec.js","",""
"","2906","Register with empty fields shows error","webkit","2026-03-29","passed","2026-03-29","Register Page Tests","register.spec.js","",""
"","783","get started link","chromium","2026-03-29","passed","2026-03-29","","example.spec.js","",""
"","6557","Flight search with empty fields shows no results","webkit","2026-03-29","passed","2026-03-29","Flight Page Tests","flight.spec.js","",""
"","2741","Password and confirm password inputs accept text","webkit","2026-03-29","passed","2026-03-29","Register Page Tests","register.spec.js","",""
"","7524","Flight search with multiple passengers","webkit","2026-03-29","passed","2026-03-29","Flight Page Tests","flight.spec.js","",""
"","6105","Switch tabs Flights → Hotels → Cars → Flights","webkit","2026-03-29","passed","2026-03-29","Home Page Tests","home.spec.js","",""
"","1370","Register with invalid email shows error","chromium","2026-03-29","passed","2026-03-29","Register Page Tests","register.spec.js","",""
"","1049","Click Sign In then back to Register","chromium","2026-03-29","passed","2026-03-29","Register Page Tests","register.spec.js","",""
"","6036","Click Wanderlust logo redirects home","webkit","2026-03-29","passed","2026-03-29","Home Page Tests","home.spec.js","",""
"","914","Error disappears after filling valid inputs","chromium","2026-03-29","passed","2026-03-29","Login Page Tests","login.spec.js","",""
"","2615","Password show/hide button works","webkit","2026-03-29","passed","2026-03-29","Login Page Tests","login.spec.js","",""
"","969","Password show/hide button works","chromium","2026-03-29","passed","2026-03-29","Login Page Tests","login.spec.js","",""
"","3120","Navigate to My Bookings page","firefox","2026-03-29","passed","2026-03-29","Home Page Tests","home.spec.js","",""
"","960","Login with empty fields shows error","chromium","2026-03-29","passed","2026-03-29","Login Page Tests","login.spec.js","",""
"","1912","Register with password mismatch shows error","firefox","2026-03-29","passed","2026-03-29","Register Page Tests","register.spec.js","",""
"","2294","Sign In button is enabled when inputs filled","webkit","2026-03-29","passed","2026-03-29","Login Page Tests","login.spec.js","",""
"","2941","Flight page loads correctly","chromium","2026-03-29","passed","2026-03-29","Flight Page Tests","flight.spec.js","",""
"","853","Email input accepts valid email","chromium","2026-03-29","passed","2026-03-29","Register Page Tests","register.spec.js","",""
"","2592","Login with empty fields shows error","webkit","2026-03-29","passed","2026-03-29","Login Page Tests","login.spec.js","",""
"","10601","Flight page loads correctly","webkit","2026-03-29","passed","2026-03-29","Flight Page Tests","flight.spec.js","",""
"","2703","Switch from Flights to Hotels tab","chromium","2026-03-29","passed","2026-03-29","Home Page Tests","home.spec.js","",""
"","1134","Login with empty fields shows error","firefox","2026-03-29","passed","2026-03-29","Login Page Tests","login.spec.js","",""
"","1700","Sign In button is disabled when inputs empty","firefox","2026-03-29","passed","2026-03-29","Login Page Tests","login.spec.js","",""
"","5641","Navigate to Flights page","webkit","2026-03-29","passed","2026-03-29","Home Page Tests","home.spec.js","",""
"","1454","Register with invalid email shows error","firefox","2026-03-29","passed","2026-03-29","Register Page Tests","register.spec.js","",""
"","8433","Flight search with past date","webkit","2026-03-29","failed","2026-03-29","Flight Page Tests","flight.spec.js","",""
"","6370","Navigate to Cars page","webkit","2026-03-29","passed","2026-03-29","Flight Page Tests","flight.spec.js","",""
"","2971","Flight search with invalid city names","chromium","2026-03-29","passed","2026-03-29","Flight Page Tests","flight.spec.js","",""
"","11371","Perform flight search","webkit","2026-03-29","passed","2026-03-29","Flight Page Tests","flight.spec.js","",""
"","8162","Search flight and click on first result details","webkit","2026-03-29","passed","2026-03-29","Flight Page Tests","flight.spec.js","",""
"","2993","Search flight and click on first result details","chromium","2026-03-29","passed","2026-03-29","Flight Page Tests","flight.spec.js","",""
"","1714","has title","firefox","2026-03-29","passed","2026-03-29","","example.spec.js","",""
"","3294","Flight search with same from/to city","firefox","2026-03-29","passed","2026-03-29","Flight Page Tests","flight.spec.js","",""
"","3347","Switch tabs Flights → Hotels → Cars → Flights","firefox","2026-03-29","passed","2026-03-29","Home Page Tests","home.spec.js","",""
"","3380","Flight search with multiple passengers","firefox","2026-03-29","passed","2026-03-29","Flight Page Tests","flight.spec.js","",""
"","2979","Flight search with multiple passengers","chromium","2026-03-29","passed","2026-03-29","Flight Page Tests","flight.spec.js","",""
"","8853","Book first flight","webkit","2026-03-29","passed","2026-03-29","Flight Page Tests","flight.spec.js","",""
"","755","Login with empty password shows error","chromium","2026-03-29","passed","2026-03-29","Login Page Tests","login.spec.js","",""
"","3367","Navigate to Hotels page","firefox","2026-03-29","passed","2026-03-29","Flight Page Tests","flight.spec.js","",""
"","3284","Navigate back to Flights after clicking logo","chromium","2026-03-29","passed","2026-03-29","Home Page Tests","home.spec.js","",""
"","3213","Click logo navigates home","firefox","2026-03-29","passed","2026-03-29","Home Page Tests","home.spec.js","",""
"","3020","Navigate to Cars page","firefox","2026-03-29","passed","2026-03-29","Flight Page Tests","flight.spec.js","",""
"","3118","Open My Bookings then return home","chromium","2026-03-29","passed","2026-03-29","Home Page Tests","home.spec.js","",""
"","2914","Flight search with future date","chromium","2026-03-29","passed","2026-03-29","Flight Page Tests","flight.spec.js","",""
